,title,score,url,author,created_utc,subreddit
0,Islam genuinely scares me,6267,https://www.reddit.com/r/atheism/comments/zasszv/islam_genuinely_scares_me/,Ordinator-9000,1670004037.0,atheism
1,On the live the guy was saying how Islam produces ‚Äúpure‚Äù women and how more men want pure women rather than ‚Äúwashed up pornstars‚Äù,958,https://i.redd.it/7e9jnsjl61ka1.jpg,Babymama1707,1677180459.0,NotHowGirlsWork
2,Does Islam ‚ò™Ô∏è deserves all the hate it gets from the Western world?,169,https://i.redd.it/75k4x8hw0rla1.jpg,-MasterOfAnnoyance-,1677929171.0,AskMiddleEast
3,Islam is oppression for women.,1484,https://i.redd.it/fztshr82d0oa1.jpg,Safe-Ad9923,1678913918.0,exmuslim
4,‚ÄúI hate you for the sake of Allah‚Äù a young man demonstrating meaning and reasonless hate. A complete embarrassment to the others who practice the Islamic faith.,23300,https://v.redd.it/d1hli42d70la1,rav3ncl4ws,1677604511.0,facepalm
5,"What do you think of Islam? Not Muslims, but the religion itself.",413,https://i.redd.it/1c5knyxkoqoa1.jpg,thewudan,1679232571.0,AskBalkans
6,Legality of Islamic Dresses for Woman,22317,https://i.redd.it/00zk161ku39a1.jpg,cactus_sunshine,1672418402.0,MapPorn
7,I swear that Muslims know nothing about Islam,815,https://i.redd.it/4kplnuxvyrpa1.jpg,Different-Brief1085,1679683994.0,exmuslim
8,What is it with these weirdos all of the sudden converting to Islam once they get cancelled üíÄ and why do they immediately go to Dubai?,280,https://i.redd.it/mia7nvute7ka1.jpg,Alternative_Bar4184,1677255869.0,AskMiddleEast
9,Islam wants leon next at welterweight. Who you got?,3399,https://i.redd.it/md95nf5opmoa1.jpg,HippoSpecific4020,1679184510.0,ufc
10,[SPOILER] Islam Makhachev vs. Alexander Volkanovski,8387,https://dubz.co/c/dx9q72,inooway,1676180845.0,MMA
11,Persecution complex is 8th pillar of Islam.,5227,https://i.redd.it/pwer1kpul8qa1.jpg,kanthorns,1679885427.0,religiousfruitcake
12,Justin Gaethje predicts a potential matchup with him and Islam Makhachev,999,https://i.redd.it/n6u6bt28a5ra1.jpg,DustinElCucuyGaethje,1680281044.0,MMA
13,Nation of Islam lore drop,11577,https://i.redd.it/m5bfjubgjena1.gif,TheFakeSlimShady123,1678649718.0,whenthe
14,"Diamond Tema: ƒ∞slam hakkƒ±nda konu≈ütuƒüum, ele≈ütirdiƒüim i√ßin aylardƒ±r ≈üeriat√ßƒ±lar tarafƒ±ndan tehtid ediliyorum. Anneme, aileme ve karƒ±m bu s√ºre√ßte her t√ºrl√º k√ºf√ºr√º yedi. Bunun tek sebebi k√ºf√ºr etmeden, Kuran yƒ±rtmadan yorum yaptƒ±ƒüƒ±m i√ßin. Videomu kaldƒ±rmamƒ± istediler ve kellemi almakla tehtid ettiler.",886,https://i.redd.it/k8l6a21ppxqa1.jpg,yoghurt01,1680207608.0,Turkey
15,"""Islam, Buddhism, Sikhism, Adivasi spirituality gave us Yoga. We need to deplatform hindu texts and hindu yoga teachers to decolonize Yoga"" Says NRI tiktoker",1374,https://v.redd.it/o4pjdicdpama1,NiggendraChodi_,1678185598.0,IndiaSpeaks
16,Athiesm vs. Islam debate,665,https://v.redd.it/g2pvkso6h5ra1,Jbg163,1680283402.0,exmuslim
17,WYR convert to Islam or Judaism (if you have to do it)?,162,https://www.reddit.com/r/WouldYouRather/comments/1291ruh/wyr_convert_to_islam_or_judaism_if_you_have_to_do/,kaanrivis,1680389698.0,WouldYouRather
18,The logic of Islam,665,https://i.redd.it/6bbtpnah2pqa1.jpg,BN---ORG,1680102733.0,NewIran
19,"In 2062, the Islamic Emirate of Swedistan is established",5150,https://i.redd.it/dtfc3wvcxcoa1.jpg,mosley_enjoyer,1679066026.0,PoliticalCompassMemes
20,Reddit admins remove thread about Destiny's recent tweets about Islam,1469,https://i.imgur.com/a0qkK2x.png,NoAssociation-,1677920769.0,Destiny
21,Apostasy in Islam,287,https://markhumphrys.com/Images/615.png,Vessarionovich,1679877552.0,MapPorn
22,So Islam DID take an IV? ü§î,3534,https://i.redd.it/vaeatilrkhia1.jpg,Slamfan4life,1676507238.0,ufc
23,Bro how did Islam win? üò≠,3340,https://i.redd.it/51quyzcqmqha1.jpg,blondeddigits,1676181013.0,ufc
24,Islam Makhachev's mother wants him to follow Khabib's footsteps and 'wrap up' his career.,4405,https://i.redd.it/86xttggialja1.jpg,-alc,1676988065.0,MMA
25,"As a former Muslim, here is why I doubted Islam to be from God.",341,https://www.reddit.com/r/TrueChristian/comments/125mqw6/as_a_former_muslim_here_is_why_i_doubted_islam_to/,Fit_Highlight9184,1680093093.0,TrueChristian
26,"Beneil Dariush says he will not call out Islam Makhachev if he beats Charles Oliveira: ""I'm not begging for a title shot"" (@13:06)",226,https://youtu.be/OoAm1pPOQKU?t=786,Pirate905,1679618094.0,MMA
27,What are your unpopular opinions regarding the Muslim community/Islam?,84,https://www.reddit.com/r/progressive_islam/comments/124yzrn/what_are_your_unpopular_opinions_regarding_the/,GreenChemical7180,1680030751.0,progressive_islam
28,Random Hindu nationalists on twitter when they see destiny slandering Islam,1362,https://i.redd.it/9f3p95vyg4ma1.gif,coolboy182,1678091963.0,Destiny
29,Islam swallowed civilizations,438,https://i.redd.it/2zwlvsjqsqpa1.jpg,krrish-bat,1679669829.0,exmuslim
30,Zorunlu din dersi kaldƒ±rƒ±lacak. Din K√ºlt√ºr√º ve Ahlak Bilgisi se√ßmeli ders olacak ve ƒ∞slam haricindeki dinleri de kapsayacak ≈üekilde deƒüi≈ütirilecek. Yeneroƒülu a√ßƒ±kladƒ±.,807,https://v.redd.it/nbboteg90ioa1,BabacanDiyorKi,1679146977.0,Turkey
31,"Islam Makhachev: ""I had dinner with Hunter Campbell, Dana White, and Sean Shelby. They all say that we want you to rest, and for the next fight to be in Abu Dhabi. In my mind I thought they were going to offer me a fight in June, but they want the fall in Abu Dhabi.""",626,https://streamable.com/v8wag5,LonzoBBBall,1678847146.0,MMA
32,Islam conception Results,243,https://i.redd.it/kshsl5765ira1.png,randomiraqilobster,1680436733.0,PoliticalCompass
33,Muslims didn't create Tate. So Why yall criticizing Islam ü§°,1467,https://i.redd.it/5yw95x1n45pa1.jpg,ArabianManiac,1679407469.0,religiousfruitcake
34,Everyone is saying Islam shouldn't win for staying here. Can someone tell me why that means volk should win for staying here?,1897,https://i.imgur.com/n7Cb8Ab.jpg,mr---jones,1676186566.0,ufc
35,Sam Harris FIGHTS BACK TEARS as he talks about the horrors of Islam,409,https://v.redd.it/dwlc42n1vsoa1,Shadow-Baked-Alt,1679277911.0,samharris
36,Is it wrong to say Christianity and Islam are dangerous ideas?,479,https://www.reddit.com/r/atheism/comments/11rk3v3/is_it_wrong_to_say_christianity_and_islam_are/,Iroas_Murlough,1678849099.0,atheism
37,"how come people can openly criticise religions like Christianity openly but when it comes to Islam, they‚Äôre basically beaten up?",188,https://www.reddit.com/r/exmuslim/comments/12ayxhf/how_come_people_can_openly_criticise_religions/,redrosemango,1680558159.0,exmuslim
38,Ajay Kumar married Muskan Khatun in December 2022 as per Hindu rituals. Almost after three months she is forcing Ajay &amp; family to convert to Islam.,574,https://v.redd.it/f3bijdndogra1,Shashi_Ji_chodi_wale,1680436979.0,Sham_Sharma_Show
39,"The three holy cities of Vatican, Golgoth and Ka'ba for 3 out of 5 main religions (Christianity, Judaism and Islam)",2429,https://i.redd.it/ey2xs4jzcdna1.png,TMandarinka,1678653588.0,imaginarymaps
40,Big brained anti-theist dismantles Islam,166,https://i.redd.it/63dzxrd1brpa1.jpg,MoistiToweL,1679675971.0,antitheistcheesecake
41,Volkanovski lowkey calling out Islam Makachev for taking IVs,1926,https://v.redd.it/axm0zhgwn0ia1,Logicwrestling,1676320476.0,ufc
42,Cory Sandhagen Identifies The Two Most Likely Fighters To Take Islam Makhachev's Lightweight Title,170,https://www.mmanews.com/news/cory-sandhagen-identified-the-two-most-likely-fighters-to-take-islam-makhachevs-lightweight-title,stayhappystayblessed,1680231791.0,MMA
43,Islam Makhachev explicitly denies team Volk‚Äôs IV allegations and states that ‚Äúthey need to be punished for making unsubstantiated accusations‚Äù,1694,https://v.redd.it/4f7r1rxzjtia1,Rollo_Tomasi3000,1676670438.0,ufc
44,"Converting to Islam or The inevitable conclusion of ""rad tradness"".",253,https://www.reddit.com/r/Catholicism/comments/11s9738/converting_to_islam_or_the_inevitable_conclusion/,KingDuder19xx,1678914194.0,Catholicism
45,"Sheikh Galip Ku≈ü√ßuoƒülu: ""Atat√ºrk was the most devout Muslim I ever saw in my life! Alhamdulillah, he purified Islam from Khurafa! His reforms are based on Quran..."" Thoughts?",55,https://i.redd.it/59vvdgi1bwqa1.jpg,Several_Variety_9222,1680190403.0,AskMiddleEast
46,Islam Makhachev & Alexander Volkanovski backstage after their fight,5094,https://v.redd.it/tmtql3kl40ja1,GoldenEsca,1676749831.0,ufc
47,Islam Makhachev gives his thoughts on not being made #1 P4P,1399,https://v.redd.it/jreuct4ioaia1,MrJqmbo,1676423763.0,ufc
48,"Islamic Supremacists Seize Control of The British Library for Ramadan The event organizers, the Islamic Society of Britain, are tied to the Muslim Brotherhood Every concession non-Muslims make to Islam gradually erodes Western civilization, the rule of law & equality of all people",336,https://v.redd.it/zuzuhd88zsra1,yourviewsyournews,1680585928.0,Sham_Sharma_Show
49,Ali accidentally implies that Islam Makhachev used an IV at UFC284. From WA MMA commission website: The Commission also prohibits the use of intravenous therapies which are used for aiding rehydration from excessive and deliberate dehydration.,2654,https://i.redd.it/fhzabbxw7jia1.jpg,Fellainis_Elbows,1676527129.0,MMA
50,What did Sneako mean by this? In response to Destiny's latest tweet about Islam.,741,https://i.redd.it/3rluhkosj1ma1.jpg,LittleEnbyBaby,1678074657.0,Destiny
51,Statement from Western Australia athletic commission regarding accusations against Islam,2316,https://i.redd.it/0eenvv34iria1.jpg,Rollo_Tomasi3000,1676645416.0,ufc
52,"Islam beat #1 and #3 ranked pound for pound, one being FW Champ and other a LW Champ (technically arguable) both on 10+ win streaks, in 4 months.",1779,https://i.imgur.com/vPnAucB.jpg,Reddit_Knight_,1676339988.0,MMA
53,Worried about the truth with Islam,39,https://www.reddit.com/r/Christianity/comments/11zjd56/worried_about_the_truth_with_islam/,Cautious_Tiger_1543,1679575734.0,Christianity
54,Islam responds to the accusations,1513,https://i.redd.it/6z9h3uvoelia1.jpg,IbnIbr1200,1676553623.0,MMA
55,"Pedofilie, woke, Islam, transgenders, vluchtelingen, linkse indoctrinatie, Corona. Volgens mij hebben we tokkie-bingo!",214,https://www.reddit.com/gallery/126gzqc,Known_Priority_8157,1680166203.0,tokkiefeesboek
56,I‚Äôm jewish and I want to convert to islam,374,https://www.reddit.com/r/islam/comments/120rjue/im_jewish_and_i_want_to_convert_to_islam/,Iwanttobecomeamuslim,1679679037.0,islam
57,"yes or no, is it just me or did volk look to be physically stronger than islam ?",2867,https://i.redd.it/qppy7rh7nrha1.jpg,ArmLucky1285,1676211284.0,ufc
58,Kudos to Charles Oliveira. Never made a single excuse for losing to Islam. No baseless accusations. Just a class act.,3066,https://i.redd.it/5qc4fl04o5ia1.jpg,CyclonusDecept,1676381085.0,ufc
59,How do these people even come up these stories? It's like they have a fetishised version of Islam in their mind completely disconnected with reality.,128,https://www.reddit.com/gallery/128yh1y,__DraGooN_,1680382352.0,indiadiscussion
60,Islamic Fasting hours around the world,2248,https://i.redd.it/ouqe6bglt2pa1.png,TheLonleyStrategos,1679397556.0,MapPorn
61,32 Non-Muslims Accepted Islam in Last 3 Days During Dr Zakir Naik Lectures in Oman üá¥üá≤. Takbeer - Allah Hu Akbar.,494,https://i.redd.it/8z4737o17cqa1.png,habibur83,1679928878.0,islam
62,"Ah oh, Thought this guy have a chance against Islam.",446,https://i.redd.it/soc31iza2kqa1.png,HomelessUyghur,1680042185.0,ufc
63,"Top comment decides the next move, legal or not | Day 15 | Previous move: All Blu spies convert to Islam and break free from the gay seduction caused by Red spies",1172,https://i.redd.it/w75w41t4wvoa1.png,Chmuurkaa_,1679313716.0,tf2shitposterclub
64,Why do people hate Islam? Seems like majority of the MMA crowd is always rooting for him to lose,623,https://i.redd.it/1rgztkq8mlja1.jpg,Imbiamba-bones,1677010013.0,ufc
65,Bahrain jails 3 for online debates questioning Islam,204,https://www.dw.com/en/bahrain-jails-3-for-online-debates-questioning-islam/a-65187420,MisterDisinformation,1680297503.0,worldnews
66,Turkey's opposition vowed on Monday to undo President Recep Tayyip Erdogan's two-decade legacy of Islamic-rooted rule and expand democratic freedoms if they take power in crucial May 14 elections,56170,https://www.france24.com/en/live-news/20230130-turkey-s-opposition-pledges-to-undo-erdogan-s-legacy,DoremusJessup,1675095212.0,worldnews
67,The economic and status benefits Islam brings to Arabia and Arabs,47,https://www.reddit.com/r/DebateReligion/comments/12a24jg/the_economic_and_status_benefits_islam_brings_to/,Sad-Performer171,1680478041.0,DebateReligion
68,I have converted from Islam to Christianity,464,https://www.reddit.com/r/Christianity/comments/11pwax9/i_have_converted_from_islam_to_christianity/,Specialist-Crazy1466,1678671143.0,Christianity
69,Islam unhappy with ufc 284 promotion,4461,https://i.redd.it/38jsvf8kxnfa1.jpg,Commercial-Ideal-621,1675276638.0,ufc
70,Islam Makhachev gives his thoughts on not being made #1 P4P,804,https://www.instagram.com/reel/Coqau8docZu/?igshid=YmMyMTA2M2Y=,MrJqmbo,1676423658.0,MMA
71,"Of course we were jungle dwelling cave men before islam, after islam we started learning. Thank god they gave us biryani, its not like biryani recipe is mention in one of Tamil sangram literature.",339,https://i.redd.it/daod2yjih1qa1.jpg,rahul2856,1679817363.0,indiadiscussion
72,"Islam is currently on a 12 fight win streak, do you think he can surpass silvas 16 fight win streak?",207,https://i.redd.it/lhrb5sxx9qna1.png,9ru30,1678809822.0,ufc
73,"Does this apply to Islam and, if you are a Muslim, how would you refute it?",90,https://i.redd.it/mg5v79h68fna1.jpg,KingREN1,1678658031.0,AskMiddleEast
74,"Gosh, I hate it when people insist their narrow version of Islam is the only correct one.",84,https://i.redd.it/a1ktuj1icpra1.jpg,Trixeii,1680523946.0,progressive_islam
75,Polyamory: birden fazla partnere sahip olma hakkƒ±nda ne d√º≈ü√ºn√ºyorsunuz ? ƒ∞slam da 4 karƒ± alma ile dalga ge√ßerken yakƒ±nda tek e≈üli olmayƒ± savunan insanlar yobaz ilan edilecek gibi duruyor.,70,https://v.redd.it/juif2d0jrbqa1,Empati159,1679941829.0,AteistTurk
76,women wouldn't survive without islam,491,https://i.redd.it/nol175v55qpa1.jpg,Foxholding,1679661888.0,exmuslim
77,Islam continues to grow in the Latino community in the US. MashAllah!,438,https://v.redd.it/niz9gjthqsra1,Hawkeye710,1680583454.0,islam
78,Islam in Northern Europe.,852,https://i.redd.it/3fnkpsp3mska1.jpg,samu_u-u_,1677512561.0,2westerneurope4u
79,"Unpopular Opinion but fact, Islam has already fought better competition in 2 title fights than Khabib did his whole career.",507,https://i.redd.it/2mwx7cuy50na1.jpg,jerryworldfan13,1678475693.0,ufc
80,"Why more Hispanics are converting to Islam faster than any other ethnic group: ""I feel like I just I found my answer""",174,https://www.reddit.com/r/islam/comments/12a99lh/why_more_hispanics_are_converting_to_islam_faster/,NoorJehan2,1680495756.0,islam
81,Fake video alert! Russia staged a clip with unknown people claiming to be Ukrainian soldiers cutting pork on a Quran and burning its pages. They speak broken Ukrainian and use a Russian army knife. Russia must be condemned for insulting Islam in an attempt to discredit Ukraine,1027,https://mobile.twitter.com/OlegNikolenko_/status/1636357413413462018,Patient-Lifeguard363,1678975533.0,UkrainianConflict
82,"one struggle, to fight putin you also need to fight the islamic republic and the CCP",1751,https://i.redd.it/7mlp23d3l2pa1.png,Pyrrus_1,1679394775.0,YUROP
83,Twitter users sending death threats to destiny during his Islam arc,744,https://i.redd.it/9q1ryrnzgqma1.jpg,ag55ful,1678376349.0,Destiny
84,I converted my BF to Islam and we both left,208,https://www.reddit.com/r/exmuslim/comments/11y4cyi/i_converted_my_bf_to_islam_and_we_both_left/,notreallyysure,1679453275.0,exmuslim
85,I want to convert to Islam,267,https://www.reddit.com/r/islam/comments/121ufwp/i_want_to_convert_to_islam/,BIGSUPERCAR,1679768532.0,islam
86,"‚ÄúComrade, I am a queer Marxist-Leninist... and I am being pulled to Islam‚Äù",181,https://i.redd.it/64mdalweu9qa1.jpg,3la_zag,1679900411.0,redscarepod
87,Everything in this video is now ILLEGAL in the Islamic Emirate of Afghanistan,2591,https://v.redd.it/b261oxdz0woa1,justice4aisha,1679315283.0,religiousfruitcake
88,Islam is inherently sexist,164,https://www.reddit.com/r/atheism/comments/12bo2d0/islam_is_inherently_sexist/,Youguess555,1680625153.0,atheism
89,Joe Rogan‚Äôs reaction to Alex Volkanovski vs Islam MakhachevüëÄ,1919,https://v.redd.it/0yjelz1w5tha1,Objectivism101,1676211670.0,ufc
90,Women who left Islam/ don't believe in Islam anymore. Why?,175,https://www.reddit.com/r/exmuslim/comments/11rqaoy/women_who_left_islam_dont_believe_in_islam/,Acceptable_Author268,1678868907.0,exmuslim
91,Islam says he can knockout Volk due to the difference in power he carries from being from the higher weight class,1483,https://i.redd.it/p2rplyd0woga1.jpg,bxng23af,1675724072.0,MMA
92,"Are there any Muslim countries where atheists can openly talk about their views, criticize Islam and all religions, and generally live their lives freely without worrying about being killed or imprisoned?",1854,https://www.reddit.com/r/TooAfraidToAsk/comments/10s6pkk/are_there_any_muslim_countries_where_atheists_can/,throwaway250324,1675386317.0,TooAfraidToAsk
93,PAS politician argues that poverty cannot be eradicated according to Islam,332,https://v.redd.it/h7g1v13b8uma1,UsernameGenerik,1678403836.0,malaysia
94,Islam response to Dan hooker's accusation,1648,https://i.redd.it/n8inrd03bdia1.jpg,007god,1676455555.0,ufc
95,"sheriff gaber , a famous anti-islam youtuber is forbidden from getting out of egypt for his ""crimes"" against religion",439,https://i.redd.it/hjmo81b5sroa1.jpg,The-ryuu,1679245889.0,exmuslim
96,Brittany on people attacking Destiny on his Islam takes,548,https://i.redd.it/2gorf07ycema1.jpg,MiserableSnow,1678229694.0,Destiny
97,What was mistake of IBLIS? He was following Islam as bowing to anyone except Allah is biggest sin/shirk in Islam.,140,https://i.redd.it/s0ijcorf8jqa1.jpg,krrish-bat,1680014092.0,exmuslim
98,How do Latin American friends consider Islam and Muslims?,74,https://www.reddit.com/r/asklatinamerica/comments/1229wts/how_do_latin_american_friends_consider_islam_and/,Aggravating-Row8716,1679801974.0,asklatinamerica
99,Islam destroyed many cultures.,125,https://www.reddit.com/r/exmuslim/comments/125epcm/islam_destroyed_many_cultures/,bags1277,1680069408.0,exmuslim
100,[Bloomberg UK] Man United Bidder Sheikh Jassim‚Äôs Business Record Questioned by UK Officials | Internal government analysis flags Qatar Islamic Bank fine | Sheikh Jassim heads group that may value club at ¬£5 billion,338,https://www.bloomberg.com/news/articles/2023-04-04/man-united-qatari-bidder-s-record-questioned-by-uk-officials,nearly_headless_nic,1680600147.0,reddevils
101,[Spoiler] Islam Makhachev reacts to UFC Fight Night Main Event,477,https://twitter.com/MAKHACHEVMMA/status/1639815217528946688?s=20,Anish316,1679797690.0,MMA
102,"Uzaylƒ±lara islam'ƒ± anlatmak zorunda kalsanƒ±z, ne derdiniz?",91,https://i.redd.it/mq3bgso843qa1.jpg,merentayak,1679836990.0,AteistTurk
103,Husband mad for me ‚Äútalking bad on Islam‚Äù,211,https://www.reddit.com/r/exmuslim/comments/11kyc71/husband_mad_for_me_talking_bad_on_islam/,bulletinyourheadshh,1678192915.0,exmuslim
104,"""We will demolish your shops if you dare open it during Ramadan"": Shops in a Muslim dominated area in Kerala received threats from Islamic elements",552,https://www.reddit.com/r/IndiaSpeaks/comments/126imal/we_will_demolish_your_shops_if_you_dare_open_it/,BlooSpear,1680171910.0,IndiaSpeaks
105,And still. Do y‚Äôall think Islam will feel he failed being he went to Australia to take the P4p #1 and didn‚Äôt get it?,579,https://i.redd.it/0o2yaaazy7ia1.jpg,No_Programmer_2696,1676390950.0,ufc
106,Dan Hooker: Islam is a cheat.,887,https://twitter.com/danthehangman/status/1625114027235094528?,MrJqmbo,1676295067.0,MMA
107,I‚Äôm formerly a ex member of the Nation of Islam and want to study real Islam,276,https://www.reddit.com/r/islam/comments/11x00yn/im_formerly_a_ex_member_of_the_nation_of_islam/,Commander_Berry,1679355276.0,islam
108,Would something like this even be Islamically acceptable?,307,https://i.redd.it/ec1zmcquyvqa1.jpg,Lespacer,1680186264.0,islam
109,Is it true that a lot of Muslim families will try to kill you if you attempt to leave Islam?,163,https://www.reddit.com/r/exmuslim/comments/11v79i5/is_it_true_that_a_lot_of_muslim_families_will_try/,ninjaofthedude,1679189139.0,exmuslim
110,What do you guys think abt this Muslim judge? I think its fine but some Muslims are saying its haram. I even talked to my dad (who is more on the conservatives moderate side of Islam and has a lot of knowledge of the deen AH),105,https://i.redd.it/f2akuwuopiqa1.png,jadeoblair,1680064626.0,progressive_islam
111,For years I've felt that the far right and Islam had much in common. We are finally now seeing obvious alliances form,397,https://i.redd.it/3jke0fcezyma1.jpg,BroBogan,1678479404.0,Destiny
112,Thoughts on the YouTuber Sneako? Apparently he was converted into Islam,26,https://i.redd.it/fhf0vm234kqa1.jpg,Mysteriousdudes,1680024741.0,AskMiddleEast
113,Islam with Vitamin C would be unstoppable,1511,https://i.redd.it/94bkpn8qfgia1.jpg,JelloFew9388,1676493436.0,ufc
114,What is the view of Islam on Judaism and Jews in general?,16,https://www.reddit.com/r/AskMiddleEast/comments/128gi08/what_is_the_view_of_islam_on_judaism_and_jews_in/,bopyw,1680339802.0,AskMiddleEast
115,"Islam 1, 2, and 4",1424,https://i.redd.it/ewo3v7kgoqha1.jpg,JelloFew9388,1676181593.0,ufc
116,Sneako's real reason for converting to Islam.,2020,https://i.redd.it/7521sxyo44ka1.jpg,Pamague,1677234223.0,Destiny
117,Islam might be the most dangerous religion,183,https://www.reddit.com/r/atheism/comments/11ooq7f/islam_might_be_the_most_dangerous_religion/,Southern_Meringue_69,1678553120.0,atheism
118,"I know twitter is full of toxicity, but seriously? How do people say such disgusting things? (Especially the first two). There are people finding out how awful Islam is.",438,https://www.reddit.com/gallery/11okvfs,hoofhoodie,1678543144.0,exmuslim
119,Why do black people still follow Islam even tho it's extremely colorist religion?,122,https://www.reddit.com/r/exmuslim/comments/11uydnd/why_do_black_people_still_follow_islam_even_tho/,whyneednamebro,1679168944.0,exmuslim
120,Drifting from Islam,35,https://www.reddit.com/r/islam/comments/1274x38/drifting_from_islam/,Commercial-Sir-6601,1680223710.0,islam
121,Did you know that the Islamic Revolution of Iran was started by socialists but the west thinks they‚Äôre bunch of moderate and tolerant Muslims?,856,https://i.redd.it/3fmo201ld2qa1.jpg,taikatalvii,1679810003.0,PoliticalCompassMemes
122,"Islam Makhachev admits that his gameplan going into the fight is what made the fight a close one: ""I wanted to knock him out, I was so hung up on that idea.. I stoopd up with him for too long which made it a hard and intense fight.""",643,https://i.redd.it/6ucijr47inja1.png,LonzoBBBall,1677032925.0,ufc
123,Teman gua nangis karena gua ninggalin islam,68,https://www.reddit.com/r/indonesia/comments/11rndxm/teman_gua_nangis_karena_gua_ninggalin_islam/,Garbag3King,1678858960.0,indonesia
124,Islam Makhachev takes over as p4p number 1 after win against Alexander Volkanovski,462,https://www.mmafighting.com/2023/2/13/23596676/mma-pound-for-pound-rankings-islam-makhachev-knocks-off-alexander-volkanovski-to-take-no-1-spot,StoryOfTheFight,1676324295.0,MMA
125,"I love Islam but I also love music, psychedelics and alcohol.",25,https://www.reddit.com/r/progressive_islam/comments/129rptc/i_love_islam_but_i_also_love_music_psychedelics/,Itzslumzy,1680456149.0,progressive_islam
126,"Islam main ortoke Le adhikaar and ijjat :This girl married Yusuf 3 months back. Yusuf started beating her & scratched her whole body with nails & blades, bitten by teeth & hit by sticks, her eyes & face badly got damaged. Yusuf was trying to force her to have a relationship with his brothers.",360,https://v.redd.it/438sf18q5koa1,aatmnirbharpicelvr,1679153595.0,Sham_Sharma_Show
127,ive lost my friend to islam,117,https://www.reddit.com/r/exmuslim/comments/12anv7j/ive_lost_my_friend_to_islam/,cyberbirdie,1680535727.0,exmuslim
128,I‚Äôve been thinking about converting into Islam but I‚Äôm black,454,https://www.reddit.com/r/islam/comments/11hiqrk/ive_been_thinking_about_converting_into_islam_but/,Admirable-One-9661,1677886339.0,islam
129,"Mashallah, Prominent US-based Catholic Priest, Father Hilarion Heagy reverts to Islam :)",1322,https://i.redd.it/dari0k2lftka1.png,cosmictrash007,1677522480.0,islam
130,How would the middle east look without Islam?,46,https://i.redd.it/laidfiwnl1pa1.jpg,Fatal-Conclusion6767,1679364767.0,AskMiddleEast
131,Volkanovski reveals how he‚Äôs training for Islam Makhachev,2217,https://v.redd.it/jua2pzh15mga1,MrTBone00,1675690804.0,ufc
132,islam stole one thing from me.,95,https://www.reddit.com/r/exmuslim/comments/125uzd7/islam_stole_one_thing_from_me/,Waterwhit,1680111626.0,exmuslim
133,Dana White forget's Islam Makhachev's name while being asked about ufc 284,2518,https://v.redd.it/iabmrbytacga1,GoldenEsca,1675589665.0,ufc
134,After watching Volk almost beat Islam.. i wonder more about this fight,1010,https://i.redd.it/mc7pai2yuuha1.png,wawiebot,1676250254.0,ufc
135,(some) Ex-Muslims' interpretation of Islam is no different than that of extremists,88,https://www.reddit.com/r/progressive_islam/comments/11px0j4/some_exmuslims_interpretation_of_islam_is_no/,ChanceRadish,1678673070.0,progressive_islam
136,Islam responds to Dan Hooker,872,https://v.redd.it/ep7r9zomg0ia1,pologoated,1676300032.0,ufc
137,Yazidis in Afrin forcibly converted to Islam by Turkish-backed faction,45,https://i.redd.it/wgc9n67bsnra1.jpg,Medya_News,1680523054.0,kurdistan
138,Hooker implying Islam was cheating?,1047,https://i.imgur.com/MmWcRQg.jpg,Josro0770,1676280354.0,ufc
139,"Muslim YouTuber (Justin Downing) who preachers Islam was arrested for Sexual Assaulting a Minor back in September 2022, and his followers don't know or don't care",2852,https://www.reddit.com/gallery/11andss,justice4aisha,1677231066.0,religiousfruitcake
140,Concern over the Second Vatican Council's teaching on Islam,118,https://www.reddit.com/r/Catholicism/comments/11k0s3o/concern_over_the_second_vatican_councils_teaching/,Beaujangles1128,1678113975.0,Catholicism
141,UFC 284 Islam vs Volk,116,https://www.reddit.com/r/sportsbook/comments/10vbb1i/ufc_284_islam_vs_volk/,DownTownGangster,1675701899.0,sportsbook
142,I recently left the religion of Islam. AMA,68,https://www.reddit.com/r/AMA/comments/11w9al0/i_recently_left_the_religion_of_islam_ama/,baba_yaga11228_,1679288938.0,AMA
143,Hot take: Islam is not going to be the dominant champ we thought. These up and coming killers are going to be a big problem for him,616,https://i.redd.it/1xjbx5plbaia1.jpg,jcdulos,1676419407.0,ufc
144,How can I better understand the marriage roles in Islam without feeling like it‚Äôs sexist?,119,https://www.reddit.com/r/islam/comments/11v9hzl/how_can_i_better_understand_the_marriage_roles_in/,NH4OH_,1679195057.0,islam
145,"""I converted to Islam, but I don't follow literally any of the requirements.""",251,https://i.redd.it/toe0yx49xfma1.jpg,dinglejerrymcbones,1678230620.0,90DayFiance
146,What incentive does Islam have for a rematch?,335,https://www.reddit.com/r/MMA/comments/1123als/what_incentive_does_islam_have_for_a_rematch/,imyourhabibi,1676374616.0,MMA
147,I tried talking to an AI about the whole ‚ÄúIslam is a religion of peace‚Äù thing and got a very common argument about homosexuality that I already heard from many muslims. Can somebody explain how it makes sense to anyone?,296,https://i.redd.it/z984lned6qoa1.jpg,hehehehihihihi,1679226448.0,exmuslim
148,How do I convert my boyfriend OUT of islam? the only rule he follows is eating halal.,103,https://www.reddit.com/r/exmuslim/comments/11stu5j/how_do_i_convert_my_boyfriend_out_of_islam_the/,kindathrowaway7,1678972470.0,exmuslim
149,Islam Makhachev vs. Alexander Volkanovski - Recent Form,792,https://i.imgur.com/4C9Sw3q.jpg,psychohistorian8,1676124046.0,MMA
150,Volk sounds more coherent and less concussed than Islam. Should they run it back?,995,https://i.redd.it/uh015x9m5pha1.png,jpk073,1676181219.0,ufc
151,Y‚Äôall remember how intense khabib was? Islam doesn‚Äôt have the same dawg in him,1156,https://i.redd.it/jb7dvekp7uha1.jpg,daffle7,1676224389.0,ufc
152,"UK: Teen converts to Islam, plots jihad massacre at Justin Bieber concert.",170,https://i.redd.it/ukzn4i60u4qa1.jpg,Safe-Ad9923,1679839740.0,exmuslim
153,Islam response to Dan hooker's accusation.,621,https://i.redd.it/c4mpmg3jddia1.jpg,007god,1676456377.0,MMA
154,converting to Islam,103,https://www.reddit.com/r/islam/comments/12anx76/converting_to_islam/,iluvcurrychicken,1680535838.0,islam
155,Another victim of Islam (info inside),117,https://www.reddit.com/r/VaushV/comments/11ptr72/another_victim_of_islam_info_inside/,GreatMindsAndStuff,1678664444.0,VaushV
156,Women who left Islam/ don't believe in Islam anymore. Why?,153,https://www.reddit.com/r/AskWomen/comments/11rq3og/women_who_left_islam_dont_believe_in_islam/,Acceptable_Author268,1678868232.0,AskWomen
157,Islam was right,3383,https://i.redd.it/0oqmofnb7wfa1.jpg,Feth0r,1675376782.0,ufc
158,"If Volk dominates Islam on Feb 11, does he get a top 5 spot on GOAT mountain?",1648,https://i.redd.it/7fbc539bd8fa1.jpg,HonoredMatrix,1675088225.0,ufc
159,Whats happening in Iran in regards to women‚Äôs rights is due to Islam,82,https://www.reddit.com/r/exmuslim/comments/122nh02/whats_happening_in_iran_in_regards_to_womens/,Radiant_Yard385,1679840370.0,exmuslim
160,"""Arabic Afrikaans replaced Malay as the language of Islam in South Africa"" is a sentence I never thought I'd read",330,https://i.redd.it/bex3bs4jk8qa1.png,wakchoi_,1679884997.0,linguisticshumor
161,Why do you consider Islam as the true religion and not Christianity or Judaism?,62,https://www.reddit.com/r/islam/comments/120jj3l/why_do_you_consider_islam_as_the_true_religion/,Potential-Law-174,1679662815.0,islam
162,Morning Report: Daniel Cormier says Islam Makhachev and Alexander Volkanovski have ‚Äòwork to do‚Äô before an immediate rematch,663,https://www.mmafighting.com/2023/2/23/23611650/daniel-cormier-says-islam-makhachev-alexander-volkanovski-have-work-to-do-before-immediate-rematch,-alc,1677169789.0,MMA
163,Islam Makhachev and Umar Nurmagomedov vs. Khabib and Usman,130,https://v.redd.it/zjv7m3fxttqa1,Rayx9,1680160745.0,ufc
164,Youtuber Bobby's Perspective converts to islam,174,https://www.youtube.com/watch?v=YLotI3nAx4E,Cinortale,1679329379.0,islam
165,Round 1 Conor vs Khabib And Round 5 Volkanovski vs Islam,1224,https://v.redd.it/n778hkjohgia1,lucasfrois,1676512095.0,ufc
166,Contraceptives in Islam. This is intended to be a discussion NOT ‚ÄúDebate‚Äù,79,https://www.reddit.com/r/MuslimMarriage/comments/11vg3gm/contraceptives_in_islam_this_is_intended_to_be_a/,khabibty,1679216099.0,MuslimMarriage
167,"Bad fighter salary, Slap competition, f*cking over Islam and Alex on their superfight, makes PRIME a UFC official drink, slapping his wife... This man gives 0 f*cks about others than himself and it becomes worse by the day. Is it just me or is UFC becoming less fun to watch every year?",1555,https://i.redd.it/ge7y9gv5dzfa1.png,Tenshin_Ryuuk,1675433239.0,ufc
168,Ex-Muslims Make Muslims Leave Islam.,186,https://www.reddit.com/r/exmuslim/comments/11piyxa/exmuslims_make_muslims_leave_islam/,Link-Humble,1678639135.0,exmuslim
169,Opinion on Islam?,11,https://www.reddit.com/r/AskMiddleEast/comments/127fory/opinion_on_islam/,401K__User,1680254353.0,AskMiddleEast
170,"Guys, maybe we‚Äôre being too hard on Islam‚Ä¶",419,https://i.redd.it/0gl3d8v3vjma1.jpg,tonicella-lineata,1678278323.0,Destiny
171,Who won this exchange? Volks countless strikes vs Islam's back control,1242,https://v.redd.it/qjd75rvur4ia1,BeetleJuiceCX,1676370256.0,ufc
172,"Daniel haqiqatijou is a muslim preacher residing in the United States he preaches and tries to spread islam in the english speaking world while condeming an atheist for going to a muslim country not to spread atheism but to make an educational scientific video,thoughts on this hypocrisy ?",82,https://i.redd.it/nuw5snfy1kma1.jpg,fdacdc,1678280625.0,AskMiddleEast
173,Honestly Christianity and Islam have way more in common than either does with Judaism,3460,https://i.redd.it/ryrq7zmkb9fa1.jpg,LineOfInquiry,1675099751.0,HistoryMemes
174,Are there any rights for me in Islam and Pakistan's constitution? I need your advice,82,https://www.reddit.com/r/pakistan/comments/127seoa/are_there_any_rights_for_me_in_islam_and/,Ibn_batuta1,1680283223.0,pakistan
175,People need to stop fear mongering about Islamism in Scotland. Humza Yousaf has consistently voted in favor of pro LGBT legislation and isn't remotely islamist. More info in comments,296,https://i.redd.it/q1bqiqocorqa1.jpg,Critical_Apparatus,1680116297.0,exmuslim
176,One minute highlights of Volkanovski dominating Islam Makachev,1230,https://v.redd.it/hvxiu92cwpha1,Logicwrestling,1676190138.0,ufc
177,I held a presentation about Islam in my philosophy class [UPDATE],130,https://www.reddit.com/r/exmuslim/comments/121wu0q/i_held_a_presentation_about_islam_in_my/,OnlyMeST,1679773409.0,exmuslim
178,Malaysia Madani: Islam progresif bersama PMX,355,https://i.redd.it/bl5rj0c9krja1.jpg,aWitchonthisEarth,1677063985.0,malaysia
179,NYC council votes to name street after antisemitic Nation of Islam leader,352,https://www.jns.org/nyc-council-votes-to-name-street-after-antisemitic-nation-of-islam-leader/,drpvn,1677360848.0,nyc
180,"Muslim Youtuber (Mahdi Tidjani) who makes living talking about marriage and relationships in Islam, has a history of Domestic Violence against 2 of his wives and children",797,https://v.redd.it/gblbdbqky7ma1,justice4aisha,1678152209.0,religiousfruitcake
181,I am smarter than you because I chose Islam.,413,https://i.redd.it/kwpcp71vlaoa1.jpg,Safe-Ad9923,1679037946.0,exmuslim
182,How common do you think this is in Islam? Also follow arabic_translatedmemes on IG,235,https://i.redd.it/e5miz32oedoa1.jpg,BugomaUgandaSafaris,1679071848.0,exmuslim
183,"In my free time, I enjoy testing the knowledge of these ""Islam Revert influencers"" and their false view on Islam. So far not a single one has answered a question correctly due to scholars and hadiths LMAO",181,https://i.redd.it/xd3kanktvboa1.png,acedemicwriter2525,1679071492.0,exmuslim
184,Struggling with my faith in Islam Ahmaddiyat,10,https://www.reddit.com/r/islam_ahmadiyya/comments/129m7qd/struggling_with_my_faith_in_islam_ahmaddiyat/,Exact_Jellyfish1003,1680444202.0,islam_ahmadiyya
185,"Since we're on the topic of Islam, caculate your haram score, mine is 102",119,https://i.redd.it/1ghbqne1zcna1.jpg,Erianajones,1678630744.0,Destiny
186,Iranians and Turkic people should apologize for the rest of the world for spreading islam and enforcing its teachings .. it's unacceptable what they did to Balkan countries central asia and india üíîüíîüíî,19,https://www.reddit.com/r/exmuslim/comments/121v62m/iranians_and_turkic_people_should_apologize_for/,More_Cauliflower_913,1679769977.0,exmuslim
187,These red pill guys use islam for their perverted filthy agenda,140,https://i.redd.it/xd4tuvtfhboa1.jpg,Bonafidesniper,1679048566.0,extomatoes
188,I highly believe that the black decade had a significant impact on Islam in Algeria,39,https://www.reddit.com/r/algeria/comments/11xaxfk/i_highly_believe_that_the_black_decade_had_a/,Small_Duck69,1679387123.0,algeria
189,One minute of volkanovski beating up Islam makachev,1334,https://v.redd.it/w6hcpqq5wpha1,Logicwrestling,1676190079.0,fightporn
190,Is it OK to be vegetarian in Islam?,15,https://www.reddit.com/r/MuslimLounge/comments/128kc6l/is_it_ok_to_be_vegetarian_in_islam/,s5see66d4,1680350643.0,MuslimLounge
191,"Agra Fort, India: A 16th-century red sandstone Mughal fortress, blending Hindu and Islamic architecture",4243,https://i.redd.it/naa2hpsyu9ra1.jpg,fluege1,1680336445.0,ArchitecturePorn
192,Islam responds to Dan Hooker,751,https://i.redd.it/fodcfoa51kia1.jpg,Rollo_Tomasi3000,1676554962.0,ufc
193,Why should I choose Orthodoxy over Islam?,36,https://www.reddit.com/r/OrthodoxChristianity/comments/1241g8o/why_should_i_choose_orthodoxy_over_islam/,picante-x,1679953009.0,OrthodoxChristianity
194,"In terms of oppression and human rights, comparing modern Christianity to modern Islam is intellectually dishonest, immature, and the worst form of ""whataboutism"".",96,https://www.reddit.com/r/TrueUnpopularOpinion/comments/11xwxcd/in_terms_of_oppression_and_human_rights_comparing/,Hugh_Munguses,1679437300.0,TrueUnpopularOpinion
195,137 Orang Asli seek court order to quash Islam status,119,https://www.malaysiakini.com/news/660091,MooreThird,1679894442.0,malaysia
196,"If there is an Indonesian film similar to ""Mentega Terbang"", a malaysian film about a muslim girl questioning about islam (and also learning other religion), will it be controversial like ""Dua garis biru""? Or worse?",82,https://i.redd.it/o2b8ry0ksvoa1.jpg,SirPachiereshtie,1679312583.0,indonesia
197,Islam has nothing to do with Islam... A hilarious dialogue between a Muslim and an Atheist concludes the above sentence,367,https://www.reddit.com/r/atheism/comments/11strgo/islam_has_nothing_to_do_with_islam_a_hilarious/,callabhishek,1678972283.0,atheism
198,Islam Makhachev says he was no bigger than Volkanovski on fight night,323,https://v.redd.it/ty5rrayn9pja1,GoldenEsca,1677054208.0,ufc
199,A question for anyone who follows either Islam Or Christianity,133,https://www.reddit.com/r/islam/comments/11g6xxu/a_question_for_anyone_who_follows_either_islam_or/,Illustrious-Ad7691,1677774368.0,islam
200,Should i convert to islam?,361,https://www.reddit.com/r/eu4/comments/11pjaic/should_i_convert_to_islam/,Comrade_Karl15,1678639871.0,eu4
201,"When SRK, Priyanka‚Äôs ‚Äòmidnight Nikah‚Äô (Islamic marriage ceremony) shook the industry",113,https://www.reddit.com/gallery/125d8b5,Kabhipussykabhibum_,1680064729.0,BollyBlindsNGossip
202,Who's gonna tell him that a lot od us left islam behind and didn't change ourselves for it?,233,https://i.redd.it/9ifcsnfmajra1.png,mmenheraa,1680450673.0,religiousfruitcake
203,"An enemy of Islam, converts to Islam, and confirmed today the validity of the news Australian anti-Islam activist Shermon Burgess Former head of the far-right group United Patriots Front He pronounced the two testimonies and declared his conversion to Islam,",801,https://i.redd.it/4kbyn0xccpla1.jpg,Senior-laszlo,1677908810.0,islam
204,"Nowruz is haram, as a Turkmen who celebrates our new year, I will say fuck you islam, keep your fucking shit to yourself, I will shit on Quran on Nowruz after having celebratory food and wine. #exsunni",177,https://i.redd.it/jy5xxaf065oa1.jpg,1KayJee,1678972083.0,exmuslim
205,Converting to Islam,127,https://www.reddit.com/r/islam/comments/124kric/converting_to_islam/,Training-Magazine131,1680000660.0,islam
206,I think I want to leave Islam,43,https://www.reddit.com/r/exmuslim/comments/124qsuo/i_think_i_want_to_leave_islam/,arizona_greenbee,1680014346.0,exmuslim
207,"A Challenge to Muslim Preachers: Show us those rights, that Islam gave to women, but the West did not",59,https://www.reddit.com/r/exmuslim/comments/126i28y/a_challenge_to_muslim_preachers_show_us_those/,Lehrasap,1680169962.0,exmuslim
208,Iranian queer community stands with the Ekbatan Girls. Sina dances in support of Ekbatan Girls in front of the Islamic Republic embassy in Berlin.,1753,https://v.redd.it/kn75vhj6heoa1,TheExtimate,1679103035.0,NewIran
209,"That girl was not lying about Abarso school,This girl was sent to the founder of aabarso school to study in an american school as a 14 year old kid, He and his wife acted as her host family, He has now divorced his wife and converted to islam and married this girl. I never thought i would support an",9,https://www.reddit.com/gallery/12646gd,Throwaway546som,1680131873.0,XSomalian
210,What are the relations between Islam and the two other Ibrahamic religions?,18,https://www.reddit.com/r/religion/comments/11xftqe/what_are_the_relations_between_islam_and_the_two/,Itsdayta,1679402822.0,religion
211,Islam vs Volk. Final face off,1556,https://v.redd.it/mwfj8rnoyiha1,biglugui,1676088427.0,ufc
212,Islam Makhachev walkout out for the Charles fight (33 hour weigh in window) vs the Volkanovski fight (24 hour weigh in window),530,https://i.redd.it/txak7giadvha1.jpg,iIovemma1,1676238374.0,ufc
213,Why didn't Islam abolish slavery when it made alcohol Haram?,69,https://www.reddit.com/r/progressive_islam/comments/11xd1qr/why_didnt_islam_abolish_slavery_when_it_made/,palestinian_diaspora,1679394803.0,progressive_islam
214,The best cure for Islam is reading the Quran.,66,https://www.reddit.com/r/exmuslim/comments/12awt25/the_best_cure_for_islam_is_reading_the_quran/,diary1998,1680553870.0,exmuslim
215,"The Islamic State group killed 15 people foraging for desert truffles in conflict-ravaged central Syria by cutting their throats, while 40 others are missing",454,https://www.france24.com/en/live-news/20230324-islamic-state-group-kills-15-truffle-hunters-in-syria-monitor-1,DoremusJessup,1679670624.0,worldnews
216,Villarreal 0 - [1] Anderlecht [1-2 on agg.] - Islam Slimani 73',176,https://streamsc.co/Yd_RcXL7J,Gajeh,1679002337.0,soccer
217,"The Sudanese teddy bear blasphemy case concerns the 2007 arrest, trial, conviction, imprisonment, and subsequent release of a British schoolteacher convicted of insulting Islam by allowing her class of six-year-olds to name a teddy bear ""Muhammad"".",570,https://en.wikipedia.org/wiki/Sudanese_teddy_bear_blasphemy_case,Kurma-the-Turtle,1678750905.0,wikipedia
218,I have a question it‚Äôs always bothering me like what is the chance islam isn‚Äôt true astgfurallah,109,https://www.reddit.com/r/islam/comments/11n95de/i_have_a_question_its_always_bothering_me_like/,Objective-Ad-7101,1678408177.0,islam
219,Chad Mendes finds brief success with his takedowns against Alexander ‚ÄúThe Great‚Äù Volkanovski. Volkanovski is scheduled to fight Islam Makhachev at UFC 284 in Perth.,1034,https://gfycat.com/distantcheeryirishdraughthorse,DuppyDon,1675307319.0,MMA
220,What is the best argument against Islam?,24,https://www.reddit.com/r/CritiqueIslam/comments/11xelvm/what_is_the_best_argument_against_islam/,Hot_Presence_3268,1679399722.0,CritiqueIslam
221,Convince me to convert to Islam,36,https://www.reddit.com/r/islam/comments/128hjex/convince_me_to_convert_to_islam/,JoshuaLamont22,1680343047.0,islam
222,"hello, I'm an atheist looking forward to converting to Islam, I find the culture and places very fascinating and want to learn more about it. what are some of the important ""do's-and-dont's""? thank you for the help!",67,https://www.reddit.com/r/islam/comments/11zuqbi/hello_im_an_atheist_looking_forward_to_converting/,Zukoyay,1679600051.0,islam
223,Who do y'all want to see Islam Makhachev fight next?,205,https://i.redd.it/kbyzf2q62qja1.jpg,GoldenEsca,1677045799.0,ufc
224,"Sisters, do you honestly feel that Islam oppresses you?",43,https://www.reddit.com/r/Hijabis/comments/1265qnf/sisters_do_you_honestly_feel_that_islam_oppresses/,roc_cat,1680135666.0,Hijabis
225,It sucks that people accuse reverts of not understanding Islam when they are leftist,80,https://www.reddit.com/r/progressive_islam/comments/11v357a/it_sucks_that_people_accuse_reverts_of_not/,Alarmed_Ad_2349,1679179075.0,progressive_islam
226,Biggest strikes from Islam vs Volkanovski,212,https://streamin.me/v/05b39ae2,Phlong,1677554355.0,MMA
227,"So, they have to worry about not being allowed to kill bugs, but is like ""if you say 1 bad thing about Islam you'll be beheaded""",3528,https://i.redd.it/geb3ru0fasda1.jpg,JustZ0920,1674457699.0,religiousfruitcake
228,Islam Makhachev and Chris Wade showcase their grappling skills with slick transitions and reversals from their 2016 fight,112,https://streamin.me/v/9b5fa772,DuppyDon,1679622220.0,MMA
229,Missouri Republicans are pushing to ban women lawmakers from wearing attire that exposes their arms. This is Islamic Sharia Law on women...,19066,https://i.redd.it/n9gag6vg6oba1.jpg,Travismatthew08,1673536241.0,WhitePeopleTwitter
230,What's happening in r/islam? This was removed and the comments said I takfired most Muslims? I don't get it.,28,https://i.redd.it/51ynrgz2mora1.png,monocle-_-,1680533111.0,PanIslamistPosting
231,"A Challenge to Muslim Preachers: Show us those rights, that Islam gave to women, but the non-religious (atheist) West did not",68,https://www.reddit.com/r/atheism/comments/126i5po/a_challenge_to_muslim_preachers_show_us_those/,Lehrasap,1680170318.0,atheism
232,Fastest way to get clout is to convert to Islam,111,https://v.redd.it/t9wy5ovzampa1,Leather-Awareness-59,1679633430.0,exmuslim
233,My 3 fight of the year contenders so far from 2023. Anything I‚Äôm missing? My vote goes to Islam vs Volk rn.,55,https://www.reddit.com/gallery/1294qai,Top_Use2413,1680396487.0,ufc
234,"For hundreds of years, Muslims used this Sabha, which you can literally pass on to your grandchildren (with 33 or 99 beads, *that's all you need*). Now they made that useless Electronic Sabha with a very short lifetime to tell you that you prayed 6969 times *The post is not about Islam*",551,https://www.reddit.com/gallery/11au0pq,Abder_Rahim,1677252461.0,Anticonsumption
235,Ungdommer bruker Woke-kulturen for √• kvele kritikk av islam,158,https://www.nettavisen.no/ungdommer-bruker-woke-kulturen-for-a-kvele-kritikk-av-islam/o/5-95-953223?token=-27974353&fbclid=IwAR09p5JKvyIecInm4pST1Yln4_EXXuNc0gRmmAoF0-S9T9xyCrhtNjL28JQ,Audiboyy,1677966759.0,norge
236,We all know who's really benefiting from this Islam arc...,233,https://i.redd.it/7jylgc9d3eqa1.jpg,C0l3m4nR33s3,1679969951.0,Destiny
237,U.S. military operation kills Islamic State leader in Syria - officials,565,https://www.reuters.com/world/middle-east/us-military-operation-kills-islamic-state-leader-syria-officials-2023-04-04/,DictatorDoge,1680583302.0,news
238,Islam is full of scientific evidence üòç mashallah,62,https://v.redd.it/fwzut98ggupa1,icarushalo,1679732113.0,exmuslim
239,You ex-Muslims are ignorant bastards. Islam IS the TRUTH,79,https://www.reddit.com/r/exmuslim/comments/128rjk6/you_exmuslims_are_ignorant_bastards_islam_is_the/,LovelyLeaf4,1680367240.0,exmuslim
240,"REMEMBERING MARTYRS: In February of 2015, twenty-one men were killed by ISIS on a beach in Libya. They could have saved their lives by accepting Islam, but, knowing what awaited them, they chose Christ. Christians around the world continue to draw inspiration from their faith.",960,https://www.reddit.com/gallery/111q365,Lordohtawa,1676337953.0,Christianity
241,"Umar said it best, once you're champion that's when they fight you. How many people ducked Islam on his way up and how many are doing the same to Dariush, Gamrot, Arman, Damir and so many others.",393,https://i.redd.it/xvn6dzp2mwja1.jpg,CerealGone,1677125129.0,ufc
242,Dustin Poirier says Beneil Dariush has earned a title fight against Islam Makhachev,1130,https://i.redd.it/8xvqp0af9xia1.png,adiabene,1676715242.0,MMA
243,Minecraft MineIslam 1.19.2 Peygamberler Update,99,https://v.redd.it/2o78z567epra1,MasterCanSeeSharp,1680543134.0,MineIslam
244,"Flag of MILF, Moro Islamic Liberation Front",1611,https://i.redd.it/6gvvhd4c3ioa1.png,KMD_HD-Mapper,1679146632.0,vexillology
245,"11. sƒ±nƒ±f din kitabƒ±nda inan√ßlar ve diƒüer dinlere √ºnite olarak yer verilmi≈ü, g√∂r√ºnce √ßok sevinmi≈ütim fakat √ßok uzun s√ºrmedi √ß√ºnk√º √∂nce yanlƒ±≈ü bilgi veriyor sonra ayetler ile yalanlƒ±yor. Arkada≈ülarƒ±m ile bu konuyu tartƒ±≈ütƒ±m ve islam kitabƒ± tabiki yalanlayacak dedi. Sizce bu ne kadar mantƒ±klƒ±?",42,https://www.reddit.com/r/AteistTurk/comments/121na76/11_sƒ±nƒ±f_din_kitabƒ±nda_inan√ßlar_ve_diƒüer_dinlere/,yuexri,1679754142.0,AteistTurk
